"Year","Country","Model","exF"
2018,"France","Lee-Carter",85.4538742984776
2019,"France","Lee-Carter",85.6001538456019
2020,"France","Lee-Carter",85.7453633369155
2021,"France","Lee-Carter",85.8895055707453
2022,"France","Lee-Carter",86.0325834592581
2023,"France","Lee-Carter",86.1746000290447
2024,"France","Lee-Carter",86.3155584214413
2025,"France","Lee-Carter",86.4554618926028
2026,"France","Lee-Carter",86.5943138133399
2027,"France","Lee-Carter",86.7321176687346
2028,"France","Lee-Carter",86.8688770575439
2029,"France","Lee-Carter",87.0045956914061
2030,"France","Lee-Carter",87.1392773938616
2031,"France","Lee-Carter",87.2729260991971
2032,"France","Lee-Carter",87.4055458511283
2033,"France","Lee-Carter",87.5371408013283
2034,"France","Lee-Carter",87.6677152078149
2035,"France","Lee-Carter",87.7972734332057
2036,"France","Lee-Carter",87.9258199428507
2037,"France","Lee-Carter",88.0533593028531
2038,"France","Lee-Carter",88.1798961779862
2039,"France","Lee-Carter",88.305435329516
2040,"France","Lee-Carter",88.429981612938
2041,"France","Lee-Carter",88.5535399756358
2042,"France","Lee-Carter",88.6761154544699
2043,"France","Lee-Carter",88.7977131733048
2044,"France","Lee-Carter",88.9183383404796
2045,"France","Lee-Carter",89.0379962462314
2046,"France","Lee-Carter",89.1566922600771
2047,"France","Lee-Carter",89.2744318281589
2048,"France","Lee-Carter",89.3912204705616
2049,"France","Lee-Carter",89.5070637786051
2050,"France","Lee-Carter",89.6219674121201
2051,"France","Lee-Carter",89.7359370967092
2052,"France","Lee-Carter",89.8489786210011
2053,"France","Lee-Carter",89.9610978339008
2054,"France","Lee-Carter",90.0723006418405
2055,"France","Lee-Carter",90.1825930060356
2056,"France","Lee-Carter",90.2919809397496
2057,"France","Lee-Carter",90.4004705055714
2058,"France","Lee-Carter",90.5080678127088
2059,"France","Lee-Carter",90.6147790143007
2060,"France","Lee-Carter",90.7206103047518
2061,"France","Lee-Carter",90.8255679170919
2062,"France","Lee-Carter",90.9296581203631
2063,"France","Lee-Carter",91.0328872170367
2064,"France","Lee-Carter",91.1352615404624
2065,"France","Lee-Carter",91.2367874523513
2066,"France","Lee-Carter",91.3374713402957
2067,"France","Lee-Carter",91.4373196153263
2068,"France","Lee-Carter",91.5363387095088
2069,"France","Lee-Carter",91.6345350735812
2070,"France","Lee-Carter",91.7319151746339
2018,"Sweden","Lee-Carter",84.2876870065133
2019,"Sweden","Lee-Carter",84.4121847580006
2020,"Sweden","Lee-Carter",84.5358052052256
2021,"Sweden","Lee-Carter",84.6585520241793
2022,"Sweden","Lee-Carter",84.7804288663874
2023,"Sweden","Lee-Carter",84.9014393623314
2024,"Sweden","Lee-Carter",85.0215871246905
2025,"Sweden","Lee-Carter",85.1408757514086
2026,"Sweden","Lee-Carter",85.259308828592
2027,"Sweden","Lee-Carter",85.3768899332423
2028,"Sweden","Lee-Carter",85.4936226358306
2029,"Sweden","Lee-Carter",85.6095105027158
2030,"Sweden","Lee-Carter",85.7245570984137
2031,"Sweden","Lee-Carter",85.8387659877211
2032,"Sweden","Lee-Carter",85.9521407376993
2033,"Sweden","Lee-Carter",86.0646849195216
2034,"Sweden","Lee-Carter",86.1764021101904
2035,"Sweden","Lee-Carter",86.2872958941275
2036,"Sweden","Lee-Carter",86.3973698646418
2037,"Sweden","Lee-Carter",86.5066276252808
2038,"Sweden","Lee-Carter",86.6150727910669
2039,"Sweden","Lee-Carter",86.7227089896265
2040,"Sweden","Lee-Carter",86.8295398622129
2041,"Sweden","Lee-Carter",86.9355690646294
2042,"Sweden","Lee-Carter",87.040800268055
2043,"Sweden","Lee-Carter",87.1452371597778
2044,"Sweden","Lee-Carter",87.2488834438393
2045,"Sweden","Lee-Carter",87.3517428415939
2046,"Sweden","Lee-Carter",87.453819092186
2047,"Sweden","Lee-Carter",87.5551159529508
2048,"Sweden","Lee-Carter",87.655637199739
2049,"Sweden","Lee-Carter",87.7553866271724
2050,"Sweden","Lee-Carter",87.8543680488306
2051,"Sweden","Lee-Carter",87.952585297374
2052,"Sweden","Lee-Carter",88.0500422246057
2053,"Sweden","Lee-Carter",88.1467427014751
2054,"Sweden","Lee-Carter",88.2426906180267
2055,"Sweden","Lee-Carter",88.3378898832969
2056,"Sweden","Lee-Carter",88.432344425161
2057,"Sweden","Lee-Carter",88.5260581901343
2058,"Sweden","Lee-Carter",88.6190351431288
2059,"Sweden","Lee-Carter",88.711279267169
2060,"Sweden","Lee-Carter",88.8027945630683
2061,"Sweden","Lee-Carter",88.8935850490698
2062,"Sweden","Lee-Carter",88.9836547604527
2063,"Sweden","Lee-Carter",89.0730077491062
2064,"Sweden","Lee-Carter",89.1616480830753
2065,"Sweden","Lee-Carter",89.2495798460776
2066,"Sweden","Lee-Carter",89.3368071369957
2067,"Sweden","Lee-Carter",89.423334069345
2068,"Sweden","Lee-Carter",89.5091647707212
2069,"Sweden","Lee-Carter",89.5943033822269
2070,"Sweden","Lee-Carter",89.6787540578806
2018,"USA","Lee-Carter",81.4719642015971
2019,"USA","Lee-Carter",81.5855695958076
2020,"USA","Lee-Carter",81.6986475489159
2021,"USA","Lee-Carter",81.8112010618163
2022,"USA","Lee-Carter",81.9232330329445
2023,"USA","Lee-Carter",82.0347462618061
2024,"USA","Lee-Carter",82.1457434524294
2025,"USA","Lee-Carter",82.2562272167439
2026,"USA","Lee-Carter",82.3662000778854
2027,"USA","Lee-Carter",82.4756644734274
2028,"USA","Lee-Carter",82.584622758541
2029,"USA","Lee-Carter",82.6930772090822
2030,"USA","Lee-Carter",82.8010300246087
2031,"USA","Lee-Carter",82.9084833313272
2032,"USA","Lee-Carter",83.0154391849704
2033,"USA","Lee-Carter",83.1218995736061
2034,"USA","Lee-Carter",83.2278664203786
2035,"USA","Lee-Carter",83.3333415861831
2036,"USA","Lee-Carter",83.4383268722741
2037,"USA","Lee-Carter",83.5428240228091
2038,"USA","Lee-Carter",83.6468347273278
2039,"USA","Lee-Carter",83.7503606231672
2040,"USA","Lee-Carter",83.8534032978158
2041,"USA","Lee-Carter",83.9559642912048
2042,"USA","Lee-Carter",84.0580450979392
2043,"USA","Lee-Carter",84.1596471694695
2044,"USA","Lee-Carter",84.2607719162037
2045,"USA","Lee-Carter",84.3614207095616
2046,"USA","Lee-Carter",84.4615948839729
2047,"USA","Lee-Carter",84.5612957388178
2048,"USA","Lee-Carter",84.6605245403135
2049,"USA","Lee-Carter",84.7592825233454
2050,"USA","Lee-Carter",84.8575708932462
2051,"USA","Lee-Carter",84.9553908275214
2052,"USA","Lee-Carter",85.0527434775233
2053,"USA","Lee-Carter",85.1496299700753
2054,"USA","Lee-Carter",85.2460514090453
2055,"USA","Lee-Carter",85.3420088768711
2056,"USA","Lee-Carter",85.437503436037
2057,"USA","Lee-Carter",85.5325361305045
2058,"USA","Lee-Carter",85.6271079870955
2059,"USA","Lee-Carter",85.7212200168312
2060,"USA","Lee-Carter",85.8148732162262
2061,"USA","Lee-Carter",85.9080685685392
2062,"USA","Lee-Carter",86.0008070449807
2063,"USA","Lee-Carter",86.0930896058792
2064,"USA","Lee-Carter",86.1849172018063
2065,"USA","Lee-Carter",86.2762907746621
2066,"USA","Lee-Carter",86.3672112587204
2067,"USA","Lee-Carter",86.4576795816363
2068,"USA","Lee-Carter",86.5476966654159
2069,"USA","Lee-Carter",86.6372634273491
2070,"USA","Lee-Carter",86.7263807809065
2018,"Japan","Lee-Carter",87.5624475344687
2019,"Japan","Lee-Carter",87.7952628572308
2020,"Japan","Lee-Carter",88.0255224808029
2021,"Japan","Lee-Carter",88.2532315981201
2022,"Japan","Lee-Carter",88.4783963044041
2023,"Japan","Lee-Carter",88.7010235836065
2024,"Japan","Lee-Carter",88.9211212926705
2025,"Japan","Lee-Carter",89.138698143825
2026,"Japan","Lee-Carter",89.3537636851163
2027,"Japan","Lee-Carter",89.5663282793741
2028,"Japan","Lee-Carter",89.7764030817942
2029,"Japan","Lee-Carter",89.9840000163184
2030,"Japan","Lee-Carter",90.1891317509743
2031,"Japan","Lee-Carter",90.391811672335
2032,"Japan","Lee-Carter",90.5920538592445
2033,"Japan","Lee-Carter",90.7898730559487
2034,"Japan","Lee-Carter",90.9852846447617
2035,"Japan","Lee-Carter",91.1783046183864
2036,"Japan","Lee-Carter",91.3689495520052
2037,"Japan","Lee-Carter",91.5572365752413
2038,"Japan","Lee-Carter",91.7431833440898
2039,"Japan","Lee-Carter",91.9268080129055
2040,"Japan","Lee-Carter",92.1081292065298
2041,"Japan","Lee-Carter",92.2871659926295
2042,"Japan","Lee-Carter",92.4639378543168
2043,"Japan","Lee-Carter",92.6384646631105
2044,"Japan","Lee-Carter",92.810766652294
2045,"Japan","Lee-Carter",92.9808643907191
2046,"Japan","Lee-Carter",93.1487787570994
2047,"Japan","Lee-Carter",93.3145309148334
2048,"Japan","Lee-Carter",93.4781422873891
2049,"Japan","Lee-Carter",93.6396345342809
2050,"Japan","Lee-Carter",93.7990295276645
2051,"Japan","Lee-Carter",93.9563493295685
2052,"Japan","Lee-Carter",94.1116161697839
2053,"Japan","Lee-Carter",94.2648524244214
2054,"Japan","Lee-Carter",94.4160805951512
2055,"Japan","Lee-Carter",94.5653232891301
2056,"Japan","Lee-Carter",94.7126031996234
2057,"Japan","Lee-Carter",94.8579430873227
2058,"Japan","Lee-Carter",95.0013657623609
2059,"Japan","Lee-Carter",95.1428940670217
2060,"Japan","Lee-Carter",95.282550859142
2061,"Japan","Lee-Carter",95.4203589961988
2062,"Japan","Lee-Carter",95.5563413200765
2063,"Japan","Lee-Carter",95.690520642505
2064,"Japan","Lee-Carter",95.8229197311587
2065,"Japan","Lee-Carter",95.9535612964066
2066,"Japan","Lee-Carter",96.0824679787013
2067,"Japan","Lee-Carter",96.2096623365946
2068,"Japan","Lee-Carter",96.335166835366
2069,"Japan","Lee-Carter",96.4590038362509
2070,"Japan","Lee-Carter",96.5811955862534
2018,"France","Li-Lee",85.4364669724101
2019,"France","Li-Lee",85.5873156829042
2020,"France","Li-Lee",85.7371115013251
2021,"France","Li-Lee",85.8858568216225
2022,"France","Li-Lee",86.0335538984131
2023,"France","Li-Lee",86.1802048708254
2024,"France","Li-Lee",86.3258117845928
2025,"France","Li-Lee",86.4703766124965
2026,"France","Li-Lee",86.6139012732507
2027,"France","Li-Lee",86.7563876489196
2028,"France","Li-Lee",86.8978376009509
2029,"France","Li-Lee",87.0382529849031
2030,"France","Li-Lee",87.1776356639459
2031,"France","Li-Lee",87.3159875212013
2032,"France","Li-Lee",87.453310470996
2033,"France","Li-Lee",87.5896064690881
2034,"France","Li-Lee",87.724877521929
2035,"France","Li-Lee",87.8591256950184
2036,"France","Li-Lee",87.9923531204083
2037,"France","Li-Lee",88.1245620034054
2038,"France","Li-Lee",88.2557546285244
2039,"France","Li-Lee",88.3859333647363
2040,"France","Li-Lee",88.5151006700572
2041,"France","Li-Lee",88.6432590955202
2042,"France","Li-Lee",88.7704112885696
2043,"France","Li-Lee",88.8965599959146
2044,"France","Li-Lee",89.0217080658802
2045,"France","Li-Lee",89.1458584502876
2046,"France","Li-Lee",89.2690142058981
2047,"France","Li-Lee",89.3911784954484
2048,"France","Li-Lee",89.5123545883099
2049,"France","Li-Lee",89.6325458607959
2050,"France","Li-Lee",89.7517557961453
2051,"France","Li-Lee",89.869987984206
2052,"France","Li-Lee",89.9872461208417
2053,"France","Li-Lee",90.1035340070843
2054,"France","Li-Lee",90.218855548052
2055,"France","Li-Lee",90.3332147516538
2056,"France","Li-Lee",90.4466157270981
2057,"France","Li-Lee",90.559062683224
2058,"France","Li-Lee",90.6705599266695
2059,"France","Li-Lee",90.7811118598959
2060,"France","Li-Lee",90.8907229790793
2061,"France","Li-Lee",90.999397871886
2062,"France","Li-Lee",91.1071412151423
2063,"France","Li-Lee",91.2139577724136
2064,"France","Li-Lee",91.3198523915017
2065,"France","Li-Lee",91.4248300018729
2066,"France","Li-Lee",91.5288956120264
2067,"France","Li-Lee",91.632054306812
2068,"France","Li-Lee",91.7343112447074
2069,"France","Li-Lee",91.8356716550608
2070,"France","Li-Lee",91.93614083531
2018,"Sweden","Li-Lee",84.7476456931107
2019,"Sweden","Li-Lee",84.9789082472164
2020,"Sweden","Li-Lee",85.1718716921084
2021,"Sweden","Li-Lee",85.344225982361
2022,"Sweden","Li-Lee",85.5052477445312
2023,"Sweden","Li-Lee",85.6598160490464
2024,"Sweden","Li-Lee",85.8105009580886
2025,"Sweden","Li-Lee",85.9586572555048
2026,"Sweden","Li-Lee",86.1049993386952
2027,"Sweden","Li-Lee",86.2499039826136
2028,"Sweden","Li-Lee",86.393569945836
2029,"Sweden","Li-Lee",86.5361021491522
2030,"Sweden","Li-Lee",86.6775560819713
2031,"Sweden","Li-Lee",86.8179612295751
2032,"Sweden","Li-Lee",86.9573334325231
2033,"Sweden","Li-Lee",87.0956814067904
2034,"Sweden","Li-Lee",87.2330101831856
2035,"Sweden","Li-Lee",87.3693229214525
2036,"Sweden","Li-Lee",87.5046218668991
2037,"Sweden","Li-Lee",87.6389088546321
2038,"Sweden","Li-Lee",87.7721855750863
2039,"Sweden","Li-Lee",87.904453713568
2040,"Sweden","Li-Lee",88.0357150232706
2041,"Sweden","Li-Lee",88.1659713631246
2042,"Sweden","Li-Lee",88.2952247170254
2043,"Sweden","Li-Lee",88.4234772031688
2044,"Sweden","Li-Lee",88.5507310781001
2045,"Sweden","Li-Lee",88.6769887379129
2046,"Sweden","Li-Lee",88.8022527178828
2047,"Sweden","Li-Lee",88.9265256912206
2048,"Sweden","Li-Lee",89.04981046731
2049,"Sweden","Li-Lee",89.1721099896247
2050,"Sweden","Li-Lee",89.2934273334333
2051,"Sweden","Li-Lee",89.4137657033523
2052,"Sweden","Li-Lee",89.5331284307826
2053,"Sweden","Li-Lee",89.6515189712526
2054,"Sweden","Li-Lee",89.7689409016818
2055,"Sweden","Li-Lee",89.8853979175776
2056,"Sweden","Li-Lee",90.0008938301737
2057,"Sweden","Li-Lee",90.1154325635185
2058,"Sweden","Li-Lee",90.2290181515193
2059,"Sweden","Li-Lee",90.341654734951
2060,"Sweden","Li-Lee",90.453346558433
2061,"Sweden","Li-Lee",90.5640979673819
2062,"Sweden","Li-Lee",90.6739134049441
2063,"Sweden","Li-Lee",90.7827974089142
2064,"Sweden","Li-Lee",90.8907546086446
2065,"Sweden","Li-Lee",90.9977897219489
2066,"Sweden","Li-Lee",91.1039075520061
2067,"Sweden","Li-Lee",91.2091129842676
2068,"Sweden","Li-Lee",91.3134109833729
2069,"Sweden","Li-Lee",91.4168065900752
2070,"Sweden","Li-Lee",91.5193049181833
2018,"USA","Li-Lee",81.5994538139884
2019,"USA","Li-Lee",81.8033834120839
2020,"USA","Li-Lee",82.0058518861888
2021,"USA","Li-Lee",82.2068583539206
2022,"USA","Li-Lee",82.4064020118432
2023,"USA","Li-Lee",82.6044821503565
2024,"USA","Li-Lee",82.8010981676049
2025,"USA","Li-Lee",82.9962495824284
2026,"USA","Li-Lee",83.1899360463823
2027,"USA","Li-Lee",83.3821573548486
2028,"USA","Li-Lee",83.5729134572644
2029,"USA","Li-Lee",83.762204466496
2030,"USA","Li-Lee",83.9500306673826
2031,"USA","Li-Lee",84.1363925244788
2032,"USA","Li-Lee",84.321290689022
2033,"USA","Li-Lee",84.5047260051528
2034,"USA","Li-Lee",84.6866995154161
2035,"USA","Li-Lee",84.8672124655702
2036,"USA","Li-Lee",85.0462663087323
2037,"USA","Li-Lee",85.2238627088869
2038,"USA","Li-Lee",85.4000035437852
2039,"USA","Li-Lee",85.5746909072623
2040,"USA","Li-Lee",85.7479271109986
2041,"USA","Li-Lee",85.9197146857532
2042,"USA","Li-Lee",86.0900563820935
2043,"USA","Li-Lee",86.2589551706477
2044,"USA","Li-Lee",86.4264142419053
2045,"USA","Li-Lee",86.5924370055904
2046,"USA","Li-Lee",86.7570270896306
2047,"USA","Li-Lee",86.9201883387471
2048,"USA","Li-Lee",87.0819248126872
2049,"USA","Li-Lee",87.2422407841228
2050,"USA","Li-Lee",87.4011407362356
2051,"USA","Li-Lee",87.5586293600109
2052,"USA","Li-Lee",87.7147115512606
2053,"USA","Li-Lee",87.8693924073944
2054,"USA","Li-Lee",88.0226772239587
2055,"USA","Li-Lee",88.1745714909627
2056,"USA","Li-Lee",88.3250808890083
2057,"USA","Li-Lee",88.4742112852416
2058,"USA","Li-Lee",88.621968729142
2059,"USA","Li-Lee",88.7683594481666
2060,"USA","Li-Lee",88.9133898432625
2061,"USA","Li-Lee",89.0570664842639
2062,"USA","Li-Lee",89.1993961051864
2063,"USA","Li-Lee",89.3403855994339
2064,"USA","Li-Lee",89.4800420149278
2065,"USA","Li-Lee",89.6183725491741
2066,"USA","Li-Lee",89.7553845442774
2067,"USA","Li-Lee",89.8910854819138
2068,"USA","Li-Lee",90.025482978274
2069,"USA","Li-Lee",90.158584778984
2070,"USA","Li-Lee",90.290398754016
2018,"Japan","Li-Lee",87.3830106887179
2019,"Japan","Li-Lee",87.5119340549242
2020,"Japan","Li-Lee",87.6399569858782
2021,"Japan","Li-Lee",87.7670814282251
2022,"Japan","Li-Lee",87.8933093785481
2023,"Japan","Li-Lee",88.0186428855212
2024,"Japan","Li-Lee",88.1430840518657
2025,"Japan","Li-Lee",88.266635036115
2026,"Japan","Li-Lee",88.3892980541963
2027,"Japan","Li-Lee",88.5110753808351
2028,"Japan","Li-Lee",88.6319693507893
2029,"Japan","Li-Lee",88.7519823599197
2030,"Japan","Li-Lee",88.8711168661022
2031,"Japan","Li-Lee",88.9893753899911
2032,"Japan","Li-Lee",89.1067605156349
2033,"Japan","Li-Lee",89.2232748909562
2034,"Japan","Li-Lee",89.338921228097
2035,"Japan","Li-Lee",89.4537023036386
2036,"Japan","Li-Lee",89.5676209586999
2037,"Japan","Li-Lee",89.6806800989214
2038,"Japan","Li-Lee",89.7928826943386
2039,"Japan","Li-Lee",89.9042317791522
2040,"Japan","Li-Lee",90.0147304513984
2041,"Japan","Li-Lee",90.1243818725265
2042,"Japan","Li-Lee",90.233189266887
2043,"Japan","Li-Lee",90.3411559211366
2044,"Japan","Li-Lee",90.4482851835637
2045,"Japan","Li-Lee",90.55458046334
2046,"Japan","Li-Lee",90.6600452297018
2047,"Japan","Li-Lee",90.7646830110663
2048,"Japan","Li-Lee",90.8684973940866
2049,"Japan","Li-Lee",90.9714920226495
2050,"Japan","Li-Lee",91.0736705968202
2051,"Japan","Li-Lee",91.1750368717384
2052,"Japan","Li-Lee",91.2755946564681
2053,"Japan","Li-Lee",91.375347812806
2054,"Japan","Li-Lee",91.4743002540518
2055,"Japan","Li-Lee",91.5724559437427
2056,"Japan","Li-Lee",91.6698188943574
2057,"Japan","Li-Lee",91.76639316599
2058,"Japan","Li-Lee",91.8621828649996
2059,"Japan","Li-Lee",91.9571921426367
2060,"Japan","Li-Lee",92.0514251936489
2061,"Japan","Li-Lee",92.1448862548709
2062,"Japan","Li-Lee",92.2375796037985
2063,"Japan","Li-Lee",92.3295095571505
2064,"Japan","Li-Lee",92.4206804694213
2065,"Japan","Li-Lee",92.5110967314252
2066,"Japan","Li-Lee",92.6007627688352
2067,"Japan","Li-Lee",92.6896830407189
2068,"Japan","Li-Lee",92.7778620380718
2069,"Japan","Li-Lee",92.8653042823513
2070,"Japan","Li-Lee",92.9520143240136
2018,"France","CoDA",86.0648734466356
2019,"France","CoDA",86.2920705203661
2020,"France","CoDA",86.518979836906
2021,"France","CoDA",86.745500991554
2022,"France","CoDA",86.9715335054634
2023,"France","CoDA",87.196977102381
2024,"France","CoDA",87.421731986093
2025,"France","CoDA",87.6456991170033
2026,"France","CoDA",87.8687804862655
2027,"France","CoDA",88.090879385896
2028,"France","CoDA",88.3119006733211
2029,"France","CoDA",88.531751028851
2030,"France","CoDA",88.7503392046281
2031,"France","CoDA",88.9675762636658
2032,"France","CoDA",89.1833758076765
2033,"France","CoDA",89.3976541924809
2034,"France","CoDA",89.6103307298983
2035,"France","CoDA",89.8213278751302
2036,"France","CoDA",90.0305713987751
2037,"France","CoDA",90.2379905427396
2038,"France","CoDA",90.4435181594477
2039,"France","CoDA",90.647090833885
2040,"France","CoDA",90.8486489881562
2041,"France","CoDA",91.0481369683691
2042,"France","CoDA",91.2455031137983
2043,"France","CoDA",91.4406998084117
2044,"France","CoDA",91.6336835149717
2045,"France","CoDA",91.8244147920447
2046,"France","CoDA",92.0128582943649
2047,"France","CoDA",92.1989827571064
2048,"France","CoDA",92.3827609647094
2049,"France","CoDA",92.5641697049967
2050,"France","CoDA",92.7431897093878
2051,"France","CoDA",92.9198055800866
2052,"France","CoDA",93.0940057051659
2053,"France","CoDA",93.2657821625227
2054,"France","CoDA",93.4351306137
2055,"France","CoDA",93.6020501886002
2056,"France","CoDA",93.7665433621207
2057,"France","CoDA",93.9286158237436
2058,"France","CoDA",94.0882763411062
2059,"France","CoDA",94.2455366185598
2060,"France","CoDA",94.4004111517
2061,"France","CoDA",94.5529170788247
2062,"France","CoDA",94.7030740302323
2063,"France","CoDA",94.8509039762386
2064,"France","CoDA",94.9964310747366
2065,"France","CoDA",95.1396815190798
2066,"France","CoDA",95.2806833870125
2067,"France","CoDA",95.4194664913177
2068,"France","CoDA",95.5560622327979
2069,"France","CoDA",95.6905034561435
2070,"France","CoDA",95.8228243091936
2018,"Sweden","CoDA",84.1635218710527
2019,"Sweden","CoDA",84.3320956630597
2020,"Sweden","CoDA",84.500515468559
2021,"Sweden","CoDA",84.6687463205372
2022,"Sweden","CoDA",84.8367525954928
2023,"Sweden","CoDA",85.0044980784944
2024,"Sweden","CoDA",85.1719460298398
2025,"Sweden","CoDA",85.3390592531445
2026,"Sweden","CoDA",85.5058001646726
2027,"Sweden","CoDA",85.6721308637148
2028,"Sweden","CoDA",85.8380132038108
2029,"Sweden","CoDA",86.0034088646038
2030,"Sweden","CoDA",86.1682794241089
2031,"Sweden","CoDA",86.3325864311736
2032,"Sweden","CoDA",86.4962914779024
2033,"Sweden","CoDA",86.6593562718168
2034,"Sweden","CoDA",86.8217427075203
2035,"Sweden","CoDA",86.983412937638
2036,"Sweden","CoDA",87.1443294428029
2037,"Sweden","CoDA",87.3044551004634
2038,"Sweden","CoDA",87.4637532522916
2039,"Sweden","CoDA",87.6221877699768
2040,"Sweden","CoDA",87.7797231191977
2041,"Sweden","CoDA",87.9363244215726
2042,"Sweden","CoDA",88.0919575143996
2043,"Sweden","CoDA",88.2465890080047
2044,"Sweden","CoDA",88.400186340535
2045,"Sweden","CoDA",88.5527178300366
2046,"Sweden","CoDA",88.7041527236812
2047,"Sweden","CoDA",88.8544612440091
2048,"Sweden","CoDA",89.0036146320804
2049,"Sweden","CoDA",89.151585187433
2050,"Sweden","CoDA",89.2983463047681
2051,"Sweden","CoDA",89.4438725072958
2052,"Sweden","CoDA",89.5881394766905
2053,"Sweden","CoDA",89.7311240796209
2054,"Sweden","CoDA",89.8728043908375
2055,"Sweden","CoDA",90.0131597128118
2056,"Sweden","CoDA",90.1521705919415
2057,"Sweden","CoDA",90.2898188313457
2058,"Sweden","CoDA",90.4260875002926
2059,"Sweden","CoDA",90.5609609403133
2060,"Sweden","CoDA",90.6944247680687
2061,"Sweden","CoDA",90.8264658750484
2062,"Sweden","CoDA",90.9570724241931
2063,"Sweden","CoDA",91.0862338435401
2064,"Sweden","CoDA",91.2139408170038
2065,"Sweden","CoDA",91.3401852724085
2066,"Sweden","CoDA",91.4649603669017
2067,"Sweden","CoDA",91.5882604698798
2068,"Sweden","CoDA",91.7100811435662
2069,"Sweden","CoDA",91.8304191213842
2070,"Sweden","CoDA",91.9492722842729
2018,"USA","CoDA",81.5238025813313
2019,"USA","CoDA",81.670478718924
2020,"USA","CoDA",81.8175979791016
2021,"USA","CoDA",81.9651495418552
2022,"USA","CoDA",82.1131218505971
2023,"USA","CoDA",82.2615026144806
2024,"USA","CoDA",82.4102788117451
2025,"USA","CoDA",82.5594366941104
2026,"USA","CoDA",82.7089617922477
2027,"USA","CoDA",82.8588389223457
2028,"USA","CoDA",83.0090521937945
2029,"USA","CoDA",83.1595850180002
2030,"USA","CoDA",83.3104201183475
2031,"USA","CoDA",83.4615395413193
2032,"USA","CoDA",83.6129246687802
2033,"USA","CoDA",83.764556231431
2034,"USA","CoDA",83.9164143234322
2035,"USA","CoDA",84.068478418196
2036,"USA","CoDA",84.2207273853397
2037,"USA","CoDA",84.3731395087919
2038,"USA","CoDA",84.5256925060357
2039,"USA","CoDA",84.6783635484737
2040,"USA","CoDA",84.8311292828934
2041,"USA","CoDA",84.9839658540052
2042,"USA","CoDA",85.1368489280283
2043,"USA","CoDA",85.2897537172881
2044,"USA","CoDA",85.4426550057895
2045,"USA","CoDA",85.5955271757268
2046,"USA","CoDA",85.748344234885
2047,"USA","CoDA",85.901079844884
2048,"USA","CoDA",86.0537073502171
2049,"USA","CoDA",86.2061998080272
2050,"USA","CoDA",86.3585300185632
2051,"USA","CoDA",86.5106705562576
2052,"USA","CoDA",86.6625938013606
2053,"USA","CoDA",86.814271972065
2054,"USA","CoDA",86.9656771570535
2055,"USA","CoDA",87.1167813483993
2056,"USA","CoDA",87.2675564747459
2057,"USA","CoDA",87.4179744346941
2058,"USA","CoDA",87.5680071303196
2059,"USA","CoDA",87.7176265007472
2060,"USA","CoDA",87.8668045557031
2061,"USA","CoDA",88.0155134089689
2062,"USA","CoDA",88.1637253116611
2063,"USA","CoDA",88.3114126852577
2064,"USA","CoDA",88.4585481542971
2065,"USA","CoDA",88.6051045786726
2066,"USA","CoDA",88.7510550854495
2067,"USA","CoDA",88.8963731001314
2068,"USA","CoDA",89.0410323773045
2069,"USA","CoDA",89.185007030592
2070,"USA","CoDA",89.3282715618508
2018,"Japan","CoDA",87.8008381563321
2019,"Japan","CoDA",88.1460862898197
2020,"Japan","CoDA",88.4909459349125
2021,"Japan","CoDA",88.8350829704262
2022,"Japan","CoDA",89.1781618166202
2023,"Japan","CoDA",89.5198473027875
2024,"Japan","CoDA",89.859806558832
2025,"Japan","CoDA",90.1977109073677
2026,"Japan","CoDA",90.533237732393
2027,"Japan","CoDA",90.8660723006309
2028,"Japan","CoDA",91.1959095121989
2029,"Japan","CoDA",91.5224555583648
2030,"Japan","CoDA",91.8454294657363
2031,"Japan","CoDA",92.1645645082791
2032,"Japan","CoDA",92.4796094710051
2033,"Japan","CoDA",92.7903297519361
2034,"Japan","CoDA",93.096508291969
2035,"Japan","CoDA",93.3979463254367
2036,"Japan","CoDA",93.6944639473945
2037,"Japan","CoDA",93.9859004968804
2038,"Japan","CoDA",94.2721147584953
2039,"Japan","CoDA",94.5529849875702
2040,"Japan","CoDA",94.8284087668455
2041,"Japan","CoDA",95.0983027049355
2042,"Japan","CoDA",95.3626019888463
2043,"Japan","CoDA",95.6212598044259
2044,"Japan","CoDA",95.8742466398418
2045,"Japan","CoDA",96.1215494879952
2046,"Japan","CoDA",96.3631709642164
2047,"Japan","CoDA",96.5991283556516
2048,"Japan","CoDA",96.8294526184886
2049,"Japan","CoDA",97.0541873386082
2050,"Japan","CoDA",97.2733876704433
2051,"Japan","CoDA",97.4871192678042
2052,"Japan","CoDA",97.6954572192607
2053,"Japan","CoDA",97.8984849993745
2054,"Japan","CoDA",98.096293445715
2055,"Japan","CoDA",98.2889797701987
2056,"Japan","CoDA",98.4766466118972
2057,"Japan","CoDA",98.6594011371032
2058,"Japan","CoDA",98.8373541911457
2059,"Japan","CoDA",99.0106195052234
2060,"Japan","CoDA",99.1793129604054
2061,"Japan","CoDA",99.3435519099279
2062,"Japan","CoDA",99.5034545600094
2063,"Japan","CoDA",99.6591394086192
2064,"Japan","CoDA",99.8107247409546
2065,"Japan","CoDA",99.9583281798219
2066,"Japan","CoDA",100.102066288654
2067,"Japan","CoDA",100.242054224545
2068,"Japan","CoDA",100.378405438403
2069,"Japan","CoDA",100.511231419153
2070,"Japan","CoDA",100.640641478799
2018,"France","CoDA-Coherent",85.617516087264
2019,"France","CoDA-Coherent",85.8594846338427
2020,"France","CoDA-Coherent",86.0732201574123
2021,"France","CoDA-Coherent",86.3004355539743
2022,"France","CoDA-Coherent",86.5200691179567
2023,"France","CoDA-Coherent",86.7425529001519
2024,"France","CoDA-Coherent",86.9625326945826
2025,"France","CoDA-Coherent",87.1825592654314
2026,"France","CoDA-Coherent",87.401229322389
2027,"France","CoDA-Coherent",87.6191167285161
2028,"France","CoDA-Coherent",87.8358092496606
2029,"France","CoDA-Coherent",88.0513881725693
2030,"France","CoDA-Coherent",88.2656906032278
2031,"France","CoDA-Coherent",88.4786774169444
2032,"France","CoDA-Coherent",88.6902503274515
2033,"France","CoDA-Coherent",88.9003431912248
2034,"France","CoDA-Coherent",89.1088768845674
2035,"France","CoDA-Coherent",89.3157819800956
2036,"France","CoDA-Coherent",89.5209877336245
2037,"France","CoDA-Coherent",89.7244277767859
2038,"France","CoDA-Coherent",89.9260375074444
2039,"France","CoDA-Coherent",90.1257555776765
2040,"France","CoDA-Coherent",90.3235233340605
2041,"France","CoDA-Coherent",90.5192852528219
2042,"France","CoDA-Coherent",90.7129888636284
2043,"France","CoDA-Coherent",90.9045849066345
2044,"France","CoDA-Coherent",91.0940273545331
2045,"France","CoDA-Coherent",91.2812734814627
2046,"France","CoDA-Coherent",91.4662838890669
2047,"France","CoDA-Coherent",91.6490225341764
2048,"France","CoDA-Coherent",91.8294567365154
2049,"France","CoDA-Coherent",92.0075571775325
2050,"France","CoDA-Coherent",92.1832978854497
2051,"France","CoDA-Coherent",92.3566562096098
2052,"France","CoDA-Coherent",92.5276127833644
2053,"France","CoDA-Coherent",92.6961514767118
2054,"France","CoDA-Coherent",92.8622593390017
2055,"France","CoDA-Coherent",93.025926532519
2056,"France","CoDA-Coherent",93.1871462575681
2057,"France","CoDA-Coherent",93.3459146698087
2058,"France","CoDA-Coherent",93.502230790561
2059,"France","CoDA-Coherent",93.6560964108302
2060,"France","CoDA-Coherent",93.8075159897919
2061,"France","CoDA-Coherent",93.9564965484842
2062,"France","CoDA-Coherent",94.1030475594372
2063,"France","CoDA-Coherent",94.2471808329608
2064,"France","CoDA-Coherent",94.3889104007897
2065,"France","CoDA-Coherent",94.5282523977627
2066,"France","CoDA-Coherent",94.6652249421835
2067,"France","CoDA-Coherent",94.7998480154839
2068,"France","CoDA-Coherent",94.9321433417726
2069,"France","CoDA-Coherent",95.0621342678199
2070,"France","CoDA-Coherent",95.1898456439905
2018,"Sweden","CoDA-Coherent",84.5935415990307
2019,"Sweden","CoDA-Coherent",84.69868608256
2020,"Sweden","CoDA-Coherent",84.9393660559154
2021,"Sweden","CoDA-Coherent",85.1091176841109
2022,"Sweden","CoDA-Coherent",85.3167972220355
2023,"Sweden","CoDA-Coherent",85.5048872234113
2024,"Sweden","CoDA-Coherent",85.7035961578485
2025,"Sweden","CoDA-Coherent",85.8969076161588
2026,"Sweden","CoDA-Coherent",86.0931435166227
2027,"Sweden","CoDA-Coherent",86.2878174409406
2028,"Sweden","CoDA-Coherent",86.4831769192526
2029,"Sweden","CoDA-Coherent",86.6779295798533
2030,"Sweden","CoDA-Coherent",86.8726412262791
2031,"Sweden","CoDA-Coherent",87.0669017626871
2032,"Sweden","CoDA-Coherent",87.260812582019
2033,"Sweden","CoDA-Coherent",87.4542068254141
2034,"Sweden","CoDA-Coherent",87.6470582988691
2035,"Sweden","CoDA-Coherent",87.8392675554362
2036,"Sweden","CoDA-Coherent",88.0307741371599
2037,"Sweden","CoDA-Coherent",88.2214981157507
2038,"Sweden","CoDA-Coherent",88.4113709175095
2039,"Sweden","CoDA-Coherent",88.600319469884
2040,"Sweden","CoDA-Coherent",88.7882747307261
2041,"Sweden","CoDA-Coherent",88.9751674789459
2042,"Sweden","CoDA-Coherent",89.1609307457242
2043,"Sweden","CoDA-Coherent",89.3454987731373
2044,"Sweden","CoDA-Coherent",89.5288077733427
2045,"Sweden","CoDA-Coherent",89.7107957387208
2046,"Sweden","CoDA-Coherent",89.8914027345422
2047,"Sweden","CoDA-Coherent",90.0705709278952
2048,"Sweden","CoDA-Coherent",90.2482447405357
2049,"Sweden","CoDA-Coherent",90.4243709233586
2050,"Sweden","CoDA-Coherent",90.598898657139
2051,"Sweden","CoDA-Coherent",90.7717796247245
2052,"Sweden","CoDA-Coherent",90.9429680828244
2053,"Sweden","CoDA-Coherent",91.1124209185589
2054,"Sweden","CoDA-Coherent",91.2800976983504
2055,"Sweden","CoDA-Coherent",91.4459607052077
2056,"Sweden","CoDA-Coherent",91.6099749665354
2057,"Sweden","CoDA-Coherent",91.7721082715455
2058,"Sweden","CoDA-Coherent",91.9323311790228
2059,"Sweden","CoDA-Coherent",92.0906170154148
2060,"Sweden","CoDA-Coherent",92.2469418637022
2061,"Sweden","CoDA-Coherent",92.4012845433296
2062,"Sweden","CoDA-Coherent",92.5536265816329
2063,"Sweden","CoDA-Coherent",92.7039521771806
2064,"Sweden","CoDA-Coherent",92.8522481555052
2065,"Sweden","CoDA-Coherent",92.998503917718
2066,"Sweden","CoDA-Coherent",93.1427113825253
2067,"Sweden","CoDA-Coherent",93.2848649221814
2068,"Sweden","CoDA-Coherent",93.4249612929253
2069,"Sweden","CoDA-Coherent",93.5629995604545
2070,"Sweden","CoDA-Coherent",93.6989810209941
2018,"USA","CoDA-Coherent",81.7821266937043
2019,"USA","CoDA-Coherent",82.0318412066158
2020,"USA","CoDA-Coherent",82.286287350284
2021,"USA","CoDA-Coherent",82.5415395363914
2022,"USA","CoDA-Coherent",82.7981159156206
2023,"USA","CoDA-Coherent",83.0558130524628
2024,"USA","CoDA-Coherent",83.3145382396647
2025,"USA","CoDA-Coherent",83.5741756979438
2026,"USA","CoDA-Coherent",83.8346083681451
2027,"USA","CoDA-Coherent",84.0957146913343
2028,"USA","CoDA-Coherent",84.3573694415283
2029,"USA","CoDA-Coherent",84.6194439347314
2030,"USA","CoDA-Coherent",84.8818063648537
2031,"USA","CoDA-Coherent",85.1443221443224
2032,"USA","CoDA-Coherent",85.4068542671726
2033,"USA","CoDA-Coherent",85.6692636896673
2034,"USA","CoDA-Coherent",85.9314097268996
2035,"USA","CoDA-Coherent",86.193150463062
2036,"USA","CoDA-Coherent",86.4543431729868
2037,"USA","CoDA-Coherent",86.7148447524022
2038,"USA","CoDA-Coherent",86.9745121542219
2039,"USA","CoDA-Coherent",87.2332028280992
2040,"USA","CoDA-Coherent",87.4907751604043
2041,"USA","CoDA-Coherent",87.7470889117539
2042,"USA","CoDA-Coherent",88.0020056492207
2043,"USA","CoDA-Coherent",88.2553891703788
2044,"USA","CoDA-Coherent",88.5071059164075
2045,"USA","CoDA-Coherent",88.7570253715689
2046,"USA","CoDA-Coherent",89.0050204465013
2047,"USA","CoDA-Coherent",89.2509678429222
2048,"USA","CoDA-Coherent",89.4947483975156
2049,"USA","CoDA-Coherent",89.7362474029827
2050,"USA","CoDA-Coherent",89.9753549044551
2051,"USA","CoDA-Coherent",90.2119659697115
2052,"USA","CoDA-Coherent",90.4459809318936
2053,"USA","CoDA-Coherent",90.6773056036767
2054,"USA","CoDA-Coherent",90.90585146212
2055,"USA","CoDA-Coherent",91.1315358036925
2056,"USA","CoDA-Coherent",91.3542818692355
2057,"USA","CoDA-Coherent",91.5740189388875
2058,"USA","CoDA-Coherent",91.7906823972488
2059,"USA","CoDA-Coherent",92.0042137693046
2060,"USA","CoDA-Coherent",92.2145607278501
2061,"USA","CoDA-Coherent",92.4216770733735
2062,"USA","CoDA-Coherent",92.6255226875371
2063,"USA","CoDA-Coherent",92.8260634615712
2064,"USA","CoDA-Coherent",93.0232712010379
2065,"USA","CoDA-Coherent",93.2171235085486
2066,"USA","CoDA-Coherent",93.4076036461199
2067,"USA","CoDA-Coherent",93.5947003789308
2068,"USA","CoDA-Coherent",93.7784078022995
2069,"USA","CoDA-Coherent",93.9587251537332
2070,"USA","CoDA-Coherent",94.135656611917
2018,"Japan","CoDA-Coherent",87.6668234581747
2019,"Japan","CoDA-Coherent",87.8968326938362
2020,"Japan","CoDA-Coherent",88.1185582602769
2021,"Japan","CoDA-Coherent",88.3418323723418
2022,"Japan","CoDA-Coherent",88.5631428025211
2023,"Japan","CoDA-Coherent",88.7835715113091
2024,"Japan","CoDA-Coherent",89.0026219235937
2025,"Japan","CoDA-Coherent",89.2203424697762
2026,"Japan","CoDA-Coherent",89.4365967882613
2027,"Japan","CoDA-Coherent",89.6513148449777
2028,"Japan","CoDA-Coherent",89.8644069619173
2029,"Japan","CoDA-Coherent",90.0757936177975
2030,"Japan","CoDA-Coherent",90.2853954827189
2031,"Japan","CoDA-Coherent",90.4931370828222
2032,"Japan","CoDA-Coherent",90.698945770241
2033,"Japan","CoDA-Coherent",90.9027522831074
2034,"Japan","CoDA-Coherent",91.1044907398554
2035,"Japan","CoDA-Coherent",91.3040988060239
2036,"Japan","CoDA-Coherent",91.5015177801542
2037,"Japan","CoDA-Coherent",91.6966926852476
2038,"Japan","CoDA-Coherent",91.8895723360343
2039,"Japan","CoDA-Coherent",92.0801093922557
2040,"Japan","CoDA-Coherent",92.2682603946539
2041,"Japan","CoDA-Coherent",92.453985785139
2042,"Japan","CoDA-Coherent",92.6372499111193
2043,"Japan","CoDA-Coherent",92.8180210146234
2044,"Japan","CoDA-Coherent",92.9962712067509
2045,"Japan","CoDA-Coherent",93.1719764281322
2046,"Japan","CoDA-Coherent",93.3451163961307
2047,"Japan","CoDA-Coherent",93.5156745395902
2048,"Japan","CoDA-Coherent",93.6836379219801
2049,"Japan","CoDA-Coherent",93.8489971538344
2050,"Japan","CoDA-Coherent",94.0117462954114
2051,"Japan","CoDA-Coherent",94.1718827505236
2052,"Japan","CoDA-Coherent",94.3294071524999
2053,"Japan","CoDA-Coherent",94.4843232432436
2054,"Japan","CoDA-Coherent",94.6366377463468
2055,"Japan","CoDA-Coherent",94.7863602352054
2056,"Japan","CoDA-Coherent",94.9335029970618
2057,"Japan","CoDA-Coherent",95.0780808938704
2058,"Japan","CoDA-Coherent",95.2201112208526
2059,"Japan","CoDA-Coherent",95.3596135635671
2060,"Japan","CoDA-Coherent",95.496609654278
2061,"Japan","CoDA-Coherent",95.6311232283618
2062,"Japan","CoDA-Coherent",95.7631798814395
2063,"Japan","CoDA-Coherent",95.8928069278746
2064,"Japan","CoDA-Coherent",96.0200332612227
2065,"Japan","CoDA-Coherent",96.1448892171669
2066,"Japan","CoDA-Coherent",96.2674064394197
2067,"Japan","CoDA-Coherent",96.3876177490196
2068,"Japan","CoDA-Coherent",96.5055570173991
2069,"Japan","CoDA-Coherent",96.6212590435503
2070,"Japan","CoDA-Coherent",96.7347594355647
2018,"France","e(0) extrapolation",85.5149795567598
2019,"France","e(0) extrapolation",85.7343059822109
2020,"France","e(0) extrapolation",85.9536324076619
2021,"France","e(0) extrapolation",86.172958833113
2022,"France","e(0) extrapolation",86.392285258564
2023,"France","e(0) extrapolation",86.6116116840151
2024,"France","e(0) extrapolation",86.8309381094662
2025,"France","e(0) extrapolation",87.0502645349172
2026,"France","e(0) extrapolation",87.2695909603683
2027,"France","e(0) extrapolation",87.4889173858193
2028,"France","e(0) extrapolation",87.7082438112704
2029,"France","e(0) extrapolation",87.9275702367215
2030,"France","e(0) extrapolation",88.1468966621725
2031,"France","e(0) extrapolation",88.3662230876236
2032,"France","e(0) extrapolation",88.5855495130746
2033,"France","e(0) extrapolation",88.8048759385257
2034,"France","e(0) extrapolation",89.0242023639768
2035,"France","e(0) extrapolation",89.2435287894278
2036,"France","e(0) extrapolation",89.4628552148789
2037,"France","e(0) extrapolation",89.6821816403299
2038,"France","e(0) extrapolation",89.901508065781
2039,"France","e(0) extrapolation",90.1208344912321
2040,"France","e(0) extrapolation",90.3401609166832
2041,"France","e(0) extrapolation",90.5594873421342
2042,"France","e(0) extrapolation",90.7788137675852
2043,"France","e(0) extrapolation",90.9981401930363
2044,"France","e(0) extrapolation",91.2174666184874
2045,"France","e(0) extrapolation",91.4367930439385
2046,"France","e(0) extrapolation",91.6561194693895
2047,"France","e(0) extrapolation",91.8754458948406
2048,"France","e(0) extrapolation",92.0947723202916
2049,"France","e(0) extrapolation",92.3140987457427
2050,"France","e(0) extrapolation",92.5334251711938
2051,"France","e(0) extrapolation",92.7527515966448
2052,"France","e(0) extrapolation",92.9720780220959
2053,"France","e(0) extrapolation",93.1914044475469
2054,"France","e(0) extrapolation",93.410730872998
2055,"France","e(0) extrapolation",93.6300572984491
2056,"France","e(0) extrapolation",93.8493837239001
2057,"France","e(0) extrapolation",94.0687101493512
2058,"France","e(0) extrapolation",94.2880365748022
2059,"France","e(0) extrapolation",94.5073630002533
2060,"France","e(0) extrapolation",94.7266894257044
2061,"France","e(0) extrapolation",94.9460158511555
2062,"France","e(0) extrapolation",95.1653422766065
2063,"France","e(0) extrapolation",95.3846687020575
2064,"France","e(0) extrapolation",95.6039951275086
2065,"France","e(0) extrapolation",95.8233215529597
2066,"France","e(0) extrapolation",96.0426479784108
2067,"France","e(0) extrapolation",96.2619744038618
2068,"France","e(0) extrapolation",96.4813008293128
2069,"France","e(0) extrapolation",96.7006272547639
2070,"France","e(0) extrapolation",96.919953680215
2018,"Sweden","e(0) extrapolation",84.2744688176594
2019,"Sweden","e(0) extrapolation",84.4350166623575
2020,"Sweden","e(0) extrapolation",84.5955645070555
2021,"Sweden","e(0) extrapolation",84.7561123517536
2022,"Sweden","e(0) extrapolation",84.9166601964517
2023,"Sweden","e(0) extrapolation",85.0772080411497
2024,"Sweden","e(0) extrapolation",85.2377558858478
2025,"Sweden","e(0) extrapolation",85.3983037305458
2026,"Sweden","e(0) extrapolation",85.5588515752439
2027,"Sweden","e(0) extrapolation",85.719399419942
2028,"Sweden","e(0) extrapolation",85.87994726464
2029,"Sweden","e(0) extrapolation",86.0404951093381
2030,"Sweden","e(0) extrapolation",86.2010429540362
2031,"Sweden","e(0) extrapolation",86.3615907987342
2032,"Sweden","e(0) extrapolation",86.5221386434323
2033,"Sweden","e(0) extrapolation",86.6826864881304
2034,"Sweden","e(0) extrapolation",86.8432343328284
2035,"Sweden","e(0) extrapolation",87.0037821775265
2036,"Sweden","e(0) extrapolation",87.1643300222246
2037,"Sweden","e(0) extrapolation",87.3248778669226
2038,"Sweden","e(0) extrapolation",87.4854257116206
2039,"Sweden","e(0) extrapolation",87.6459735563188
2040,"Sweden","e(0) extrapolation",87.8065214010168
2041,"Sweden","e(0) extrapolation",87.9670692457149
2042,"Sweden","e(0) extrapolation",88.1276170904129
2043,"Sweden","e(0) extrapolation",88.288164935111
2044,"Sweden","e(0) extrapolation",88.4487127798091
2045,"Sweden","e(0) extrapolation",88.6092606245071
2046,"Sweden","e(0) extrapolation",88.7698084692052
2047,"Sweden","e(0) extrapolation",88.9303563139033
2048,"Sweden","e(0) extrapolation",89.0909041586013
2049,"Sweden","e(0) extrapolation",89.2514520032994
2050,"Sweden","e(0) extrapolation",89.4119998479975
2051,"Sweden","e(0) extrapolation",89.5725476926955
2052,"Sweden","e(0) extrapolation",89.7330955373936
2053,"Sweden","e(0) extrapolation",89.8936433820917
2054,"Sweden","e(0) extrapolation",90.0541912267897
2055,"Sweden","e(0) extrapolation",90.2147390714877
2056,"Sweden","e(0) extrapolation",90.3752869161858
2057,"Sweden","e(0) extrapolation",90.5358347608839
2058,"Sweden","e(0) extrapolation",90.696382605582
2059,"Sweden","e(0) extrapolation",90.85693045028
2060,"Sweden","e(0) extrapolation",91.0174782949781
2061,"Sweden","e(0) extrapolation",91.1780261396762
2062,"Sweden","e(0) extrapolation",91.3385739843742
2063,"Sweden","e(0) extrapolation",91.4991218290723
2064,"Sweden","e(0) extrapolation",91.6596696737704
2065,"Sweden","e(0) extrapolation",91.8202175184684
2066,"Sweden","e(0) extrapolation",91.9807653631665
2067,"Sweden","e(0) extrapolation",92.1413132078646
2068,"Sweden","e(0) extrapolation",92.3018610525626
2069,"Sweden","e(0) extrapolation",92.4624088972606
2070,"Sweden","e(0) extrapolation",92.6229567419587
2018,"USA","e(0) extrapolation",81.5140297501246
2019,"USA","e(0) extrapolation",81.6608100243289
2020,"USA","e(0) extrapolation",81.8075902985331
2021,"USA","e(0) extrapolation",81.9543705727373
2022,"USA","e(0) extrapolation",82.1011508469415
2023,"USA","e(0) extrapolation",82.2479311211457
2024,"USA","e(0) extrapolation",82.39471139535
2025,"USA","e(0) extrapolation",82.5414916695542
2026,"USA","e(0) extrapolation",82.6882719437585
2027,"USA","e(0) extrapolation",82.8350522179627
2028,"USA","e(0) extrapolation",82.9818324921669
2029,"USA","e(0) extrapolation",83.1286127663712
2030,"USA","e(0) extrapolation",83.2753930405754
2031,"USA","e(0) extrapolation",83.4221733147796
2032,"USA","e(0) extrapolation",83.5689535889838
2033,"USA","e(0) extrapolation",83.715733863188
2034,"USA","e(0) extrapolation",83.8625141373923
2035,"USA","e(0) extrapolation",84.0092944115965
2036,"USA","e(0) extrapolation",84.1560746858007
2037,"USA","e(0) extrapolation",84.302854960005
2038,"USA","e(0) extrapolation",84.4496352342092
2039,"USA","e(0) extrapolation",84.5964155084134
2040,"USA","e(0) extrapolation",84.7431957826177
2041,"USA","e(0) extrapolation",84.8899760568219
2042,"USA","e(0) extrapolation",85.0367563310261
2043,"USA","e(0) extrapolation",85.1835366052303
2044,"USA","e(0) extrapolation",85.3303168794345
2045,"USA","e(0) extrapolation",85.4770971536388
2046,"USA","e(0) extrapolation",85.623877427843
2047,"USA","e(0) extrapolation",85.7706577020473
2048,"USA","e(0) extrapolation",85.9174379762515
2049,"USA","e(0) extrapolation",86.0642182504557
2050,"USA","e(0) extrapolation",86.2109985246599
2051,"USA","e(0) extrapolation",86.3577787988642
2052,"USA","e(0) extrapolation",86.5045590730684
2053,"USA","e(0) extrapolation",86.6513393472726
2054,"USA","e(0) extrapolation",86.7981196214768
2055,"USA","e(0) extrapolation",86.9448998956811
2056,"USA","e(0) extrapolation",87.0916801698853
2057,"USA","e(0) extrapolation",87.2384604440896
2058,"USA","e(0) extrapolation",87.3852407182938
2059,"USA","e(0) extrapolation",87.532020992498
2060,"USA","e(0) extrapolation",87.6788012667022
2061,"USA","e(0) extrapolation",87.8255815409064
2062,"USA","e(0) extrapolation",87.9723618151107
2063,"USA","e(0) extrapolation",88.1191420893149
2064,"USA","e(0) extrapolation",88.2659223635191
2065,"USA","e(0) extrapolation",88.4127026377234
2066,"USA","e(0) extrapolation",88.5594829119276
2067,"USA","e(0) extrapolation",88.7062631861318
2068,"USA","e(0) extrapolation",88.8530434603361
2069,"USA","e(0) extrapolation",88.9998237345403
2070,"USA","e(0) extrapolation",89.1466040087445
2018,"Japan","e(0) extrapolation",87.6111391566698
2019,"Japan","e(0) extrapolation",87.9028378440697
2020,"Japan","e(0) extrapolation",88.1945365314696
2021,"Japan","e(0) extrapolation",88.4862352188694
2022,"Japan","e(0) extrapolation",88.7779339062694
2023,"Japan","e(0) extrapolation",89.0696325936692
2024,"Japan","e(0) extrapolation",89.3613312810691
2025,"Japan","e(0) extrapolation",89.653029968469
2026,"Japan","e(0) extrapolation",89.9447286558689
2027,"Japan","e(0) extrapolation",90.2364273432687
2028,"Japan","e(0) extrapolation",90.5281260306687
2029,"Japan","e(0) extrapolation",90.8198247180685
2030,"Japan","e(0) extrapolation",91.1115234054684
2031,"Japan","e(0) extrapolation",91.4032220928682
2032,"Japan","e(0) extrapolation",91.6949207802682
2033,"Japan","e(0) extrapolation",91.986619467668
2034,"Japan","e(0) extrapolation",92.2783181550679
2035,"Japan","e(0) extrapolation",92.5700168424678
2036,"Japan","e(0) extrapolation",92.8617155298677
2037,"Japan","e(0) extrapolation",93.1534142172675
2038,"Japan","e(0) extrapolation",93.4451129046675
2039,"Japan","e(0) extrapolation",93.7368115920673
2040,"Japan","e(0) extrapolation",94.0285102794671
2041,"Japan","e(0) extrapolation",94.3202089668671
2042,"Japan","e(0) extrapolation",94.6119076542669
2043,"Japan","e(0) extrapolation",94.9036063416668
2044,"Japan","e(0) extrapolation",95.1953050290667
2045,"Japan","e(0) extrapolation",95.4870037164666
2046,"Japan","e(0) extrapolation",95.7787024038664
2047,"Japan","e(0) extrapolation",96.0704010912664
2048,"Japan","e(0) extrapolation",96.3620997786662
2049,"Japan","e(0) extrapolation",96.6537984660661
2050,"Japan","e(0) extrapolation",96.945497153466
2051,"Japan","e(0) extrapolation",97.2371958408659
2052,"Japan","e(0) extrapolation",97.5288945282657
2053,"Japan","e(0) extrapolation",97.8205932156657
2054,"Japan","e(0) extrapolation",98.1122919030655
2055,"Japan","e(0) extrapolation",98.4039905904654
2056,"Japan","e(0) extrapolation",98.6956892778653
2057,"Japan","e(0) extrapolation",98.9873879652652
2058,"Japan","e(0) extrapolation",99.279086652665
2059,"Japan","e(0) extrapolation",99.570785340065
2060,"Japan","e(0) extrapolation",99.8624840274648
2061,"Japan","e(0) extrapolation",100.154182714865
2062,"Japan","e(0) extrapolation",100.445881402265
2063,"Japan","e(0) extrapolation",100.737580089664
2064,"Japan","e(0) extrapolation",101.029278777064
2065,"Japan","e(0) extrapolation",101.320977464464
2066,"Japan","e(0) extrapolation",101.612676151864
2067,"Japan","e(0) extrapolation",101.904374839264
2068,"Japan","e(0) extrapolation",102.196073526664
2069,"Japan","e(0) extrapolation",102.487772214064
2070,"Japan","e(0) extrapolation",102.779470901464
2018,"France","Double-Gap",85.6944564630143
2019,"France","Double-Gap",85.9156356146308
2020,"France","Double-Gap",86.1368147662473
2021,"France","Double-Gap",86.3579939178639
2022,"France","Double-Gap",86.5791730694804
2023,"France","Double-Gap",86.8003522210969
2024,"France","Double-Gap",87.0215313727135
2025,"France","Double-Gap",87.24271052433
2026,"France","Double-Gap",87.4638896759465
2027,"France","Double-Gap",87.685068827563
2028,"France","Double-Gap",87.9062479791796
2029,"France","Double-Gap",88.1274271307961
2030,"France","Double-Gap",88.3486062824126
2031,"France","Double-Gap",88.5697854340292
2032,"France","Double-Gap",88.7909645856457
2033,"France","Double-Gap",89.0121437372622
2034,"France","Double-Gap",89.2333228888787
2035,"France","Double-Gap",89.4545020404953
2036,"France","Double-Gap",89.6756811921118
2037,"France","Double-Gap",89.8968603437283
2038,"France","Double-Gap",90.1180394953449
2039,"France","Double-Gap",90.3392186469614
2040,"France","Double-Gap",90.5603977985779
2041,"France","Double-Gap",90.7815769501944
2042,"France","Double-Gap",91.002756101811
2043,"France","Double-Gap",91.2239352534275
2044,"France","Double-Gap",91.4451144050441
2045,"France","Double-Gap",91.6662935566606
2046,"France","Double-Gap",91.8874727082771
2047,"France","Double-Gap",92.1086518598936
2048,"France","Double-Gap",92.3298310115102
2049,"France","Double-Gap",92.5510101631267
2050,"France","Double-Gap",92.7721893147432
2051,"France","Double-Gap",92.9933684663598
2052,"France","Double-Gap",93.2145476179763
2053,"France","Double-Gap",93.4357267695928
2054,"France","Double-Gap",93.6569059212093
2055,"France","Double-Gap",93.8780850728259
2056,"France","Double-Gap",94.0992642244424
2057,"France","Double-Gap",94.3204433760589
2058,"France","Double-Gap",94.5416225276755
2059,"France","Double-Gap",94.762801679292
2060,"France","Double-Gap",94.9839808309085
2061,"France","Double-Gap",95.2051599825251
2062,"France","Double-Gap",95.4263391341416
2063,"France","Double-Gap",95.6475182857581
2064,"France","Double-Gap",95.8686974373746
2065,"France","Double-Gap",96.0898765889912
2066,"France","Double-Gap",96.3110557406077
2067,"France","Double-Gap",96.5322348922242
2068,"France","Double-Gap",96.7534140438408
2069,"France","Double-Gap",96.9745931954573
2070,"France","Double-Gap",97.1957723470738
2018,"Sweden","Double-Gap",84.3418480343936
2019,"Sweden","Double-Gap",84.6295295906763
2020,"Sweden","Double-Gap",84.7841113829345
2021,"Sweden","Double-Gap",85.0446485171833
2022,"Sweden","Double-Gap",85.2527521137915
2023,"Sweden","Double-Gap",85.4718453578418
2024,"Sweden","Double-Gap",85.6999131239162
2025,"Sweden","Double-Gap",85.915232911078
2026,"Sweden","Double-Gap",86.139487707237
2027,"Sweden","Double-Gap",86.3598894886763
2028,"Sweden","Double-Gap",86.5806701169993
2029,"Sweden","Double-Gap",86.8025233223403
2030,"Sweden","Double-Gap",87.0232016726499
2031,"Sweden","Double-Gap",87.2446118802037
2032,"Sweden","Double-Gap",87.4657552506888
2033,"Sweden","Double-Gap",87.686882669176
2034,"Sweden","Double-Gap",87.9081250197097
2035,"Sweden","Double-Gap",88.1292625773201
2036,"Sweden","Double-Gap",88.3504582270664
2037,"Sweden","Double-Gap",88.5716370010025
2038,"Sweden","Double-Gap",88.792810360822
2039,"Sweden","Double-Gap",89.0139952341489
2040,"Sweden","Double-Gap",89.2351710335197
2041,"Sweden","Double-Gap",89.4563512803915
2042,"Sweden","Double-Gap",89.6775306274317
2043,"Sweden","Double-Gap",89.8987091820868
2044,"Sweden","Double-Gap",90.1198888360007
2045,"Sweden","Double-Gap",90.3410677263554
2046,"Sweden","Double-Gap",90.5622469423003
2047,"Sweden","Double-Gap",90.783426129413
2048,"Sweden","Double-Gap",91.0046052228246
2049,"Sweden","Double-Gap",91.2257844172814
2050,"Sweden","Double-Gap",91.4469635493356
2051,"Sweden","Double-Gap",91.6681427038174
2052,"Sweden","Double-Gap",91.8893218599721
2053,"Sweden","Double-Gap",92.1105010061467
2054,"Sweden","Double-Gap",92.3316801613136
2055,"Sweden","Double-Gap",92.5528593115396
2056,"Sweden","Double-Gap",92.7740384631713
2057,"Sweden","Double-Gap",92.995217615292
2058,"Sweden","Double-Gap",93.216396766417
2059,"Sweden","Double-Gap",93.4375759183191
2060,"Sweden","Double-Gap",93.6587550698439
2061,"Sweden","Double-Gap",93.8799342214423
2062,"Sweden","Double-Gap",94.1011133731105
2063,"Sweden","Double-Gap",94.322292524684
2064,"Sweden","Double-Gap",94.5434716763227
2065,"Sweden","Double-Gap",94.7646508279339
2066,"Sweden","Double-Gap",94.9858299795473
2067,"Sweden","Double-Gap",95.2070091311689
2068,"Sweden","Double-Gap",95.4281882827817
2069,"Sweden","Double-Gap",95.6493674343999
2070,"Sweden","Double-Gap",95.8705465860162
2018,"USA","Double-Gap",81.5884286275369
2019,"USA","Double-Gap",81.8096077791534
2020,"USA","Double-Gap",82.03078693077
2021,"USA","Double-Gap",82.2519660823865
2022,"USA","Double-Gap",82.473145234003
2023,"USA","Double-Gap",82.6943243856196
2024,"USA","Double-Gap",82.9155035372361
2025,"USA","Double-Gap",83.1366826888526
2026,"USA","Double-Gap",83.3578618404691
2027,"USA","Double-Gap",83.5790409920857
2028,"USA","Double-Gap",83.8002201437022
2029,"USA","Double-Gap",84.0213992953187
2030,"USA","Double-Gap",84.2425784469353
2031,"USA","Double-Gap",84.4637575985518
2032,"USA","Double-Gap",84.6849367501683
2033,"USA","Double-Gap",84.9061159017849
2034,"USA","Double-Gap",85.1272950534014
2035,"USA","Double-Gap",85.3484742050179
2036,"USA","Double-Gap",85.5696533566344
2037,"USA","Double-Gap",85.790832508251
2038,"USA","Double-Gap",86.0120116598675
2039,"USA","Double-Gap",86.233190811484
2040,"USA","Double-Gap",86.4543699631006
2041,"USA","Double-Gap",86.6755491147171
2042,"USA","Double-Gap",86.8967282663336
2043,"USA","Double-Gap",87.1179074179501
2044,"USA","Double-Gap",87.3390865695667
2045,"USA","Double-Gap",87.5602657211832
2046,"USA","Double-Gap",87.7814448727997
2047,"USA","Double-Gap",88.0026240244163
2048,"USA","Double-Gap",88.2238031760328
2049,"USA","Double-Gap",88.4449823276493
2050,"USA","Double-Gap",88.6661614792659
2051,"USA","Double-Gap",88.8873406308824
2052,"USA","Double-Gap",89.1085197824989
2053,"USA","Double-Gap",89.3296989341155
2054,"USA","Double-Gap",89.550878085732
2055,"USA","Double-Gap",89.7720572373485
2056,"USA","Double-Gap",89.993236388965
2057,"USA","Double-Gap",90.2144155405816
2058,"USA","Double-Gap",90.4355946921981
2059,"USA","Double-Gap",90.6567738438146
2060,"USA","Double-Gap",90.8779529954312
2061,"USA","Double-Gap",91.0991321470477
2062,"USA","Double-Gap",91.3203112986642
2063,"USA","Double-Gap",91.5414904502807
2064,"USA","Double-Gap",91.7626696018973
2065,"USA","Double-Gap",91.9838487535138
2066,"USA","Double-Gap",92.2050279051303
2067,"USA","Double-Gap",92.4262070567469
2068,"USA","Double-Gap",92.6473862083634
2069,"USA","Double-Gap",92.8685653599799
2070,"USA","Double-Gap",93.0897445115965
2018,"Japan","Double-Gap",87.4964142258888
2019,"Japan","Double-Gap",87.6661371235932
2020,"Japan","Double-Gap",87.8358600212976
2021,"Japan","Double-Gap",88.0055829190021
2022,"Japan","Double-Gap",88.1753058167065
2023,"Japan","Double-Gap",88.3450287144109
2024,"Japan","Double-Gap",88.5147516121153
2025,"Japan","Double-Gap",88.6844745098197
2026,"Japan","Double-Gap",88.8541974075241
2027,"Japan","Double-Gap",89.0239203052285
2028,"Japan","Double-Gap",89.1936432029329
2029,"Japan","Double-Gap",89.3633661006373
2030,"Japan","Double-Gap",89.5330889983417
2031,"Japan","Double-Gap",89.7028118960461
2032,"Japan","Double-Gap",89.8725347937506
2033,"Japan","Double-Gap",90.042257691455
2034,"Japan","Double-Gap",90.2119805891594
2035,"Japan","Double-Gap",90.3817034868638
2036,"Japan","Double-Gap",90.5514263845682
2037,"Japan","Double-Gap",90.7211492822726
2038,"Japan","Double-Gap",90.890872179977
2039,"Japan","Double-Gap",91.0605950776814
2040,"Japan","Double-Gap",91.2303179753858
2041,"Japan","Double-Gap",91.4000408730902
2042,"Japan","Double-Gap",91.5697637707946
2043,"Japan","Double-Gap",91.739486668499
2044,"Japan","Double-Gap",91.9092095662035
2045,"Japan","Double-Gap",92.0789324639079
2046,"Japan","Double-Gap",92.2486553616123
2047,"Japan","Double-Gap",92.4183782593167
2048,"Japan","Double-Gap",92.5881011570211
2049,"Japan","Double-Gap",92.7578240547255
2050,"Japan","Double-Gap",92.9275469524299
2051,"Japan","Double-Gap",93.0972698501343
2052,"Japan","Double-Gap",93.2669927478387
2053,"Japan","Double-Gap",93.4367156455431
2054,"Japan","Double-Gap",93.6064385432475
2055,"Japan","Double-Gap",93.776161440952
2056,"Japan","Double-Gap",93.9458843386564
2057,"Japan","Double-Gap",94.1156072363608
2058,"Japan","Double-Gap",94.2853301340652
2059,"Japan","Double-Gap",94.4550530317696
2060,"Japan","Double-Gap",94.624775929474
2061,"Japan","Double-Gap",94.7944988271784
2062,"Japan","Double-Gap",94.9642217248828
2063,"Japan","Double-Gap",95.1339446225872
2064,"Japan","Double-Gap",95.3036675202916
2065,"Japan","Double-Gap",95.473390417996
2066,"Japan","Double-Gap",95.6431133157004
2067,"Japan","Double-Gap",95.8128362134049
2068,"Japan","Double-Gap",95.9825591111093
2069,"Japan","Double-Gap",96.1522820088137
2070,"Japan","Double-Gap",96.3220049065181
2018,"France","Official",86
2019,"France","Official",86.1
2020,"France","Official",86.3
2021,"France","Official",86.5
2022,"France","Official",86.6
2023,"France","Official",86.8
2024,"France","Official",86.9
2025,"France","Official",87
2026,"France","Official",87.2
2027,"France","Official",87.3
2028,"France","Official",87.4
2029,"France","Official",87.6
2030,"France","Official",87.7
2031,"France","Official",87.8
2032,"France","Official",87.9
2033,"France","Official",88.1
2034,"France","Official",88.2
2035,"France","Official",88.3
2036,"France","Official",88.4
2037,"France","Official",88.6
2038,"France","Official",88.7
2039,"France","Official",88.8
2040,"France","Official",88.9
2041,"France","Official",89.1
2042,"France","Official",89.2
2043,"France","Official",89.3
2044,"France","Official",89.5
2045,"France","Official",89.6
2046,"France","Official",89.8
2047,"France","Official",89.9
2048,"France","Official",90.1
2049,"France","Official",90.2
2050,"France","Official",90.3
2051,"France","Official",90.5
2052,"France","Official",90.6
2053,"France","Official",90.8
2054,"France","Official",90.9
2055,"France","Official",91.1
2056,"France","Official",91.2
2057,"France","Official",91.3
2058,"France","Official",91.5
2059,"France","Official",91.6
2060,"France","Official",91.7
2061,"France","Official",91.9
2062,"France","Official",92
2063,"France","Official",92.1
2064,"France","Official",92.3
2065,"France","Official",92.4
2066,"France","Official",92.5
2067,"France","Official",92.6
2068,"France","Official",92.8
2069,"France","Official",92.9
2070,"France","Official",93
2018,"Sweden","Official",84.3
2019,"Sweden","Official",84.34
2020,"Sweden","Official",84.45
2021,"Sweden","Official",84.55
2022,"Sweden","Official",84.66
2023,"Sweden","Official",84.76
2024,"Sweden","Official",84.86
2025,"Sweden","Official",84.97
2026,"Sweden","Official",85.07
2027,"Sweden","Official",85.18
2028,"Sweden","Official",85.28
2029,"Sweden","Official",85.38
2030,"Sweden","Official",85.49
2031,"Sweden","Official",85.59
2032,"Sweden","Official",85.69
2033,"Sweden","Official",85.8
2034,"Sweden","Official",85.9
2035,"Sweden","Official",86
2036,"Sweden","Official",86.1
2037,"Sweden","Official",86.21
2038,"Sweden","Official",86.31
2039,"Sweden","Official",86.41
2040,"Sweden","Official",86.51
2041,"Sweden","Official",86.61
2042,"Sweden","Official",86.71
2043,"Sweden","Official",86.82
2044,"Sweden","Official",86.92
2045,"Sweden","Official",87.02
2046,"Sweden","Official",87.12
2047,"Sweden","Official",87.22
2048,"Sweden","Official",87.32
2049,"Sweden","Official",87.41
2050,"Sweden","Official",87.51
2051,"Sweden","Official",87.61
2052,"Sweden","Official",87.71
2053,"Sweden","Official",87.81
2054,"Sweden","Official",87.9
2055,"Sweden","Official",88
2056,"Sweden","Official",88.09
2057,"Sweden","Official",88.19
2058,"Sweden","Official",88.28
2059,"Sweden","Official",88.37
2060,"Sweden","Official",88.47
2061,"Sweden","Official",88.56
2062,"Sweden","Official",88.65
2063,"Sweden","Official",88.74
2064,"Sweden","Official",88.83
2065,"Sweden","Official",88.92
2066,"Sweden","Official",89.01
2067,"Sweden","Official",89.1
2068,"Sweden","Official",89.18
2069,"Sweden","Official",89.27
2070,"Sweden","Official",89.36
2018,"USA","Official",81.3781663172802
2019,"USA","Official",81.3890831586401
2020,"USA","Official",81.4
2021,"USA","Official",81.5
2022,"USA","Official",81.6
2023,"USA","Official",81.7
2024,"USA","Official",81.8
2025,"USA","Official",81.9
2026,"USA","Official",82
2027,"USA","Official",82.1
2028,"USA","Official",82.2
2029,"USA","Official",82.3
2030,"USA","Official",82.4
2031,"USA","Official",82.48
2032,"USA","Official",82.56
2033,"USA","Official",82.64
2034,"USA","Official",82.72
2035,"USA","Official",82.8
2036,"USA","Official",82.9
2037,"USA","Official",83
2038,"USA","Official",83.1
2039,"USA","Official",83.2
2040,"USA","Official",83.3
2041,"USA","Official",83.38
2042,"USA","Official",83.46
2043,"USA","Official",83.54
2044,"USA","Official",83.62
2045,"USA","Official",83.7
2046,"USA","Official",83.8
2047,"USA","Official",83.9
2048,"USA","Official",84
2049,"USA","Official",84.1
2050,"USA","Official",84.2
2051,"USA","Official",84.28
2052,"USA","Official",84.36
2053,"USA","Official",84.44
2054,"USA","Official",84.52
2055,"USA","Official",84.6
2056,"USA","Official",84.68
2057,"USA","Official",84.76
2058,"USA","Official",84.84
2059,"USA","Official",84.92
2060,"USA","Official",85
2061,"USA","Official",85.08
2062,"USA","Official",85.16
2063,"USA","Official",85.24
2064,"USA","Official",85.32
2065,"USA","Official",85.4
2066,"USA","Official",85.46
2067,"USA","Official",85.52
2068,"USA","Official",85.58
2069,"USA","Official",85.64
2070,"USA","Official",85.7
2018,"Japan","Official",87.39
2019,"Japan","Official",87.52
2020,"Japan","Official",87.64
2021,"Japan","Official",87.75
2022,"Japan","Official",87.87
2023,"Japan","Official",87.98
2024,"Japan","Official",88.1
2025,"Japan","Official",88.21
2026,"Japan","Official",88.31
2027,"Japan","Official",88.42
2028,"Japan","Official",88.52
2029,"Japan","Official",88.62
2030,"Japan","Official",88.72
2031,"Japan","Official",88.82
2032,"Japan","Official",88.92
2033,"Japan","Official",89.01
2034,"Japan","Official",89.11
2035,"Japan","Official",89.2
2036,"Japan","Official",89.29
2037,"Japan","Official",89.38
2038,"Japan","Official",89.46
2039,"Japan","Official",89.55
2040,"Japan","Official",89.63
2041,"Japan","Official",89.72
2042,"Japan","Official",89.8
2043,"Japan","Official",89.88
2044,"Japan","Official",89.95
2045,"Japan","Official",90.03
2046,"Japan","Official",90.11
2047,"Japan","Official",90.18
2048,"Japan","Official",90.26
2049,"Japan","Official",90.33
2050,"Japan","Official",90.4
2051,"Japan","Official",90.47
2052,"Japan","Official",90.54
2053,"Japan","Official",90.61
2054,"Japan","Official",90.68
2055,"Japan","Official",90.74
2056,"Japan","Official",90.81
2057,"Japan","Official",90.87
2058,"Japan","Official",90.94
2059,"Japan","Official",91
2060,"Japan","Official",91.06
2061,"Japan","Official",91.12
2062,"Japan","Official",91.18
2063,"Japan","Official",91.24
2064,"Japan","Official",91.3
2065,"Japan","Official",91.35
2066,"Japan","Official",NA
2067,"Japan","Official",NA
2068,"Japan","Official",NA
2069,"Japan","Official",NA
2070,"Japan","Official",NA
